Area,PDP,SSIM,Label
4351243,950.0,0.5,set2
4351793,949.978755879231,0.4998518942887642,set2
4365270,949.964435931416,0.5001737840523381,set2
4352250,950.1890295463703,0.4998658015840867,set2
4363962,949.7397043866738,0.4986808651694913,set2
4350920,950.0041498832093,0.4994690718845088,set2
4367232,949.754139676333,0.49966548354138035,set2
4350333,949.8369836924081,0.49850006973416616,set2
4368868,950.3622794538901,0.5013804080372063,set2
4369842,950.6266490686593,0.5024647365659985,set2
4354970,949.9711769981486,0.4992360745125761,set2
4361725,950.3319212457207,0.5037461114244233,set2
4367267,949.9110348239183,0.5000238995248169,set2
4356262,950.5476157214283,0.4998483743036333,set2
4353635,950.1170832450357,0.5042766711420403,set2
4365394,950.0382069590178,0.4987349195922445,set2
4363874,950.0784345757968,0.5021955187488653,set2
4362916,949.8086723860579,0.4949269028152654,set2
4361214,950.8633919223026,0.5068802500032319,set2
4357390,949.4706738928886,0.49809749555081057,set2
4362012,951.4117829947616,0.4997845410835616,set2
4353323,951.6607884150767,0.48742703540863136,set2
4368067,949.0390660177151,0.5031066844014589,set2
4367914,948.7346964882555,0.5015688129289546,set2
4361152,950.8837011800103,0.503038828632685,set2
4358642,950.5179778432158,0.49693664989198877,set2
4350345,950.370981511889,0.4971748440626402,set2
4359101,950.942150670343,0.4984659745373818,set2
4360837,952.505089353324,0.5093301007994754,set2
4358262,950.1381935271414,0.4962068827057129,set2
4363708,951.7302534989741,0.5097833774712649,set2
4363146,948.8773303261487,0.4998377719418579,set2
4369474,948.0390745734643,0.49835945505986995,set2
4365068,951.8474375466374,0.5005463568142245,set2
4364405,949.8002116790444,0.5074666458068363,set2
4350652,951.0356133057779,0.4998066778422517,set2
4368717,949.7548014298309,0.5008137820279994,set2
4361040,946.8913062852388,0.4916129976757147,set2
4368063,950.2665025830862,0.4955281073668909,set2
4359084,949.3546646552661,0.5051105931086451,set2
4363471,946.8686321132511,0.5075009433469102,set2
4364605,952.4256021783513,0.508624717304372,set2
4364126,950.4956003910069,0.5067530133781248,set2
4357931,946.3554232906608,0.4932144661631328,set2
4363443,952.2951440152085,0.4851430819287273,set2
4368868,949.3393998472909,0.5237226598364797,set2
4354517,945.9673744630521,0.510754596872653,set2
4354321,949.884633559052,0.49482673832104646,set2
4364826,945.2910147922996,0.5135526832962649,set2
4358663,949.1419241127404,0.48698139879497426,set2
4399790,950.0,0.5,set2
4394308,949.9620345065393,0.49957945184460417,set2
4394617,949.940917105522,0.4986336967384618,set2
4394159,949.8972568024388,0.49882923466496587,set2
4387650,949.9418664829313,0.49687084570490986,set2
4388986,949.9057541861923,0.4960341717009663,set2
4381222,949.8592216515218,0.4945414602778857,set2
4394381,949.8319460307627,0.4965688669059779,set2
4383786,950.0578612737725,0.4979523790816092,set2
4392234,949.8262521256011,0.5055045798688764,set2
4388633,949.9075084612895,0.493921789439821,set2
4384159,950.0344921636275,0.49270179493471794,set2
4395147,950.0666960890143,0.4942924512100382,set2
4397052,950.0903662931299,0.5005058408240602,set2
4380238,949.5099769575817,0.4905608923186028,set2
4386368,949.4639683193205,0.49141484668557456,set2
4381505,949.255270548982,0.49094947720482235,set2
4387180,949.6328515327132,0.48792881548069933,set2
4392262,949.7590463605892,0.5017152606760958,set2
4387932,949.1964159140471,0.4918107727495468,set2
4389487,949.1977625922443,0.4976689087042859,set2
4392620,949.8582545582916,0.49035620356225185,set2
4391423,949.9338536670443,0.48199002754867526,set2
4393375,949.1058459789385,0.491496940457691,set2
4396518,949.2722791910717,0.4850964897571623,set2
4387263,948.9345155556671,0.48161540500542777,set2
4391503,950.3630072472919,0.48912791724407245,set2
4389247,949.8708300535048,0.5028463978177236,set2
4398375,948.7393142193396,0.4824003306288049,set2
4390549,949.682258485853,0.4833186052894444,set2
4390669,949.6822909300354,0.5096106004358206,set2
4394856,949.2702128780503,0.47734040174949893,set2
4398418,949.3362160975737,0.47405290517190246,set2
4388264,948.9209256889355,0.47827089592512767,set2
4388224,949.2730260823266,0.4801066271245076,set2
4381002,949.3174913379685,0.48850913481249825,set2
4381722,949.7506647897691,0.4961821195781117,set2
4395674,948.4781728926417,0.47393446478761947,set2
4384052,949.1573444099344,0.464531631590763,set2
4399545,949.6669953278873,0.47784117085264466,set2
4384513,949.5712638992923,0.4855668316428192,set2
4398619,948.6326629245759,0.4869129610734717,set2
4397463,948.6090352962789,0.48367200745627775,set2
4382493,949.214031540137,0.4917035010221037,set2
4386664,948.7061064261012,0.4752049438591557,set2
4392914,948.7145802115631,0.4963343569838661,set2
4393799,949.3305188820291,0.46316595648852044,set2
4390694,948.3713948642671,0.4904032912091449,set2
4384043,948.1633531478182,0.4598760141014394,set2
4382723,949.5797931011818,0.4628960888135817,set2
4399142,949.2848163810423,0.4826216816327113,set2
4388682,948.4722862084799,0.4621739141286196,set2
4393018,948.697276995845,0.47145909134708136,set2
4387200,948.6779877245032,0.4913468748133094,set2
4385975,949.301751662387,0.45527511009061855,set2
4387643,947.9455874315747,0.4671283523243394,set2
4397097,948.7747698172501,0.45137459612898073,set2
4397512,949.1906556053088,0.5125783701811618,set2
4387856,950.654779458256,0.49220292015497985,set2
4385963,948.8354784041059,0.44838687007290895,set2
4380780,948.2145838928215,0.5094265460126297,set2
4394805,949.6044907312585,0.4406781005680922,set2
4386701,948.6854964326916,0.5195749720162837,set2
4398807,947.7590108460616,0.4563653231442897,set2
4395641,948.7601419203697,0.4610578408352994,set2
4393228,949.0775972111217,0.475373649382209,set2
4384253,948.1742183026162,0.45141391026619304,set2
4393335,948.9716407436806,0.472322010298898,set2
4391401,949.42065222797,0.45632457518697517,set2
4391244,948.1473152141375,0.5157823729205308,set2
4399870,947.0255510217168,0.43605369298980556,set2
4399618,947.6094091725474,0.45404449391957674,set2
4386719,947.7788806792651,0.4966404081996151,set2
4395000,947.4192797694982,0.47708918460485333,set2
4389767,947.6639464799123,0.44046604087785013,set2
4383485,947.6077754647423,0.46713684441796,set2
4389844,948.2918717541004,0.4348348627830241,set2
4393927,946.7448129430562,0.4632490132014962,set2
4392238,948.1516668834098,0.4424980451919278,set2
4384025,947.25343488728,0.5192139577307449,set2
4392459,947.1237284324956,0.4455050109551105,set2
4391852,946.4531952537005,0.4420892665998168,set2
4385204,951.2987121142984,0.4531268133001046,set2
4381242,949.3373495990992,0.4603590150690018,set2
4387370,948.9536434076975,0.46676244192296346,set2
4391142,950.4271203308937,0.4554256269021244,set2
4389659,949.0883774790202,0.506208212863433,set2
4387559,946.897117634314,0.510623167269367,set2
4382049,946.8534349907314,0.43414162822565294,set2
4383504,946.7543042092935,0.43804099273425695,set2
4393185,947.5226057271193,0.5086472433853902,set2
4391676,947.6973885000416,0.4328415799152939,set2
4391084,949.0765801482497,0.43135056663491017,set2
4397961,951.6201623871291,0.4545112891827488,set2
4380516,948.7429960225143,0.4593326676198909,set2
4397952,947.7771468751077,0.4832315284865718,set2
4380129,948.7498452386684,0.44776975102557626,set2
4388387,946.784223494902,0.48988954832259207,set2
4389260,947.7563856260474,0.4739853123372318,set2
4386948,947.2132711301375,0.42908702763811957,set2
4385127,947.8626684584209,0.4931036849369435,set2
4389104,947.985922681626,0.5035903726428089,set2
4397536,946.830919449333,0.40321749044278443,set2
4382904,947.1900684382971,0.4846458270852652,set2
4399417,950.3229199222552,0.47416935168002255,set2
4392191,945.7582586269186,0.43384100098771355,set2
4387196,946.0608568400538,0.430103069019663,set2
4384088,945.3469748713355,0.4045200803822452,set2
4394615,948.9264474579893,0.4011005823839431,set2
4391672,947.634307547751,0.4603087478947908,set2
4387233,948.182127306564,0.4745059005553181,set2
4393282,950.059524115926,0.4348402047041755,set2
4392226,947.3191278204213,0.43681676654609025,set2
4393246,947.2879381866095,0.4087872780737378,set2
4395445,947.6953707884702,0.4289424426379558,set2
4392153,946.8209617403609,0.431627764516741,set2
4398911,949.4154216922323,0.4594431599199033,set2
4396266,951.469565705017,0.4825736470526197,set2
4388382,945.9619947980989,0.5068044588157661,set2
4385966,946.1409706790507,0.4078374157416661,set2
4396635,948.172472420809,0.4353032421957003,set2
4392336,945.7800645227416,0.420305956945915,set2
4393765,944.373634418845,0.4887610594146062,set2
4390631,945.7411986612387,0.39699710114133085,set2
4386083,946.5170727897346,0.4125689147892225,set2
4390359,946.471673197402,0.40178527129906205,set2
4395186,947.9134716262398,0.4318842065648526,set2
4390537,947.4440710101599,0.4560699203820141,set2
4381216,945.5755200482246,0.44898123312818855,set2
4394379,945.507296054702,0.48268550291128315,set2
4392020,949.055619595898,0.3817365589365213,set2
4394177,945.8031582846799,0.38038377146512675,set2
4396801,949.4292039863277,0.41527134449481723,set2
4397921,949.1201990438037,0.43246833677879526,set2
4392888,950.7950961327449,0.4333764352606492,set2
4383622,944.562587576252,0.4984844388396771,set2
4384720,944.8901632593228,0.44777971701902325,set2
4397675,947.8942599887864,0.4107329318623305,set2
4391747,948.6912326000422,0.4269708643389744,set2
4386658,946.7367112679361,0.5401193534120142,set2
4393803,945.8835695172082,0.4322508823850279,set2
4380690,944.2521556504141,0.38156077107480507,set2
4389097,947.634420702473,0.4457412382321328,set2
4380084,950.3482847945546,0.40399918897996145,set2
4396084,944.1998923207569,0.39718255077085907,set2
4384177,946.804209581065,0.48616452470222404,set2
4392134,949.2243541337261,0.3954458767875096,set2
4388748,951.2467095456666,0.39897713281511865,set2
4392340,947.0597042853556,0.4398090140417402,set2
4380294,948.7266664109939,0.3725482027937873,set2
4386121,945.0509891129236,0.40359908694257907,set2
4384879,947.321345280864,0.4695671633792325,set2
4380082,949.9425285051494,0.378686939507063,set2
4384664,946.47544036172,0.44656421783445543,set2
4395825,944.7504790998318,0.39860745628752525,set2
4387734,948.6220370149873,0.36499576912281195,set2
4380284,947.0489317786735,0.4814001943596459,set2
4397698,945.2725831825923,0.4893896544503394,set2
4398546,945.429508986769,0.4179909115523955,set2
4382227,951.6117052742976,0.3808378251236352,set2
4393206,943.070709802,0.4533741972243215,set2
4388521,949.0538241740848,0.5416670439506557,set2
4384414,947.4879201676205,0.5385246296430295,set2
4382950,945.997768218699,0.4881334874520333,set2
4381400,947.4041207364517,0.40197213552492206,set2
4392853,942.9736857208073,0.41696235695778294,set2
4391473,948.1168389186547,0.3508546613368738,set2
4390539,948.3489881929742,0.40538493165947,set2
4381689,947.2033781931291,0.3905322786208862,set2
4382216,945.1099648271128,0.37279786438556206,set2
4397244,945.5038479130935,0.4639634237211699,set2
4396397,950.3214279841122,0.42021487385152456,set2
4383455,944.4291317736909,0.36304988860833665,set2
4386745,951.5942968554741,0.36904646310156336,set2
4393724,949.1468833025945,0.39375814657019315,set2
4399977,944.2158631774628,0.41198198420137455,set2
4392249,949.0112378548199,0.4574155729939976,set2
4389961,944.0237723884577,0.42586960093629567,set2
4382601,945.9186203388653,0.6049448394690523,set2
4389940,941.6804303459883,0.46198116592224586,set2
4391154,942.1203852368695,0.43599517999623616,set2
4388755,943.5377576203759,0.44451404282165896,set2
4398059,948.2848974146963,0.339915115516182,set2
4394275,943.1008154930905,0.4229789755700653,set2
4397731,953.253733119218,0.4325405317376901,set2
4386984,943.4711796772277,0.38469517432322997,set2
4385147,942.2844481101395,0.36735412261592276,set2
4397310,942.8011361325628,0.3789472736693087,set2
4380716,942.4569678125722,0.4179409953094562,set2
4385483,942.0374233992509,0.41840600656776844,set2
4383424,948.5079603455835,0.4203484382832694,set2
4380889,946.288123150449,0.5973413186743349,set2
4386079,942.9318284008356,0.3324249635196442,set2
4380194,945.9000965064208,0.4241393999953208,set2
4392000,946.15929519379,0.39335273856019415,set2
4386172,945.5207490532944,0.42140659451821927,set2
4383581,956.3709959392968,0.36720564255993826,set2
4385124,944.7722275161736,0.444261943351704,set2
4387974,941.4333063144622,0.37228734581024947,set2
4392931,942.4345424072137,0.4262148663030355,set2
4417502,950.0,0.5,set2
4417901,950.0952782060772,0.5000760935119073,set2
4410679,950.0592192789246,0.5005086370260386,set2
4415844,949.8330659176926,0.500985654494177,set2
4417434,950.4935507010048,0.5004817150152596,set2
4417746,950.511160554233,0.5006537528963579,set2
4418284,949.9901706161413,0.4994157129297517,set2
4419998,950.4974777170938,0.5007702545402333,set2
4413784,950.3127061890046,0.4976299198772337,set2
4417720,948.5638958931187,0.4973573154840246,set2
4416972,946.8690046529631,0.49771993544577126,set2
4410565,949.9671688774899,0.4977347368016136,set2
4419051,952.1085059137598,0.5023183113294383,set2
4413790,948.9025009503601,0.49523888046438375,set2
4412968,950.1083000486038,0.4984187279073651,set2
4413315,952.019131863418,0.498054450446609,set2
4412221,948.6949642867868,0.4932484336843217,set2
4416560,948.5524701570862,0.5053066012143093,set2
4417229,947.5518614135144,0.5107536331821417,set2
4410961,946.5079267214221,0.5040066403957245,set2
4416180,948.4366415423148,0.505279484864476,set2
4417592,952.2099363891715,0.5011930284451291,set2
4411788,947.6813142676453,0.5002293052764657,set2
4412171,953.708525732177,0.49098449127067223,set2
4418531,951.784211742469,0.5011666221842886,set2
4410529,943.3561600946728,0.5045689700041637,set2
4416138,948.1568207576772,0.4963279444545698,set2
4414158,949.9705521907488,0.4929997628084537,set2
4418681,948.8694413891326,0.4891977019553834,set2
4410725,950.5137443705939,0.4997736897011588,set2
4414935,954.8890064251477,0.4903530446486561,set2
4417437,954.150419296331,0.4930070598701049,set2
4412757,955.8166936301484,0.5008389748874503,set2
4412265,948.1137506915592,0.5155506322596245,set2
4411263,948.9360255390193,0.4906105722086021,set2
4410258,946.135223144597,0.5001096223847197,set2
4415034,951.9004210083051,0.5025488579108214,set2
4415991,953.1870739391121,0.49413182862044835,set2
4417027,941.6413165697185,0.4926581641875116,set2
4419694,951.0205484387981,0.49432767831887847,set2
4419324,937.6941913950347,0.48533475011801636,set2
4412483,945.4669512014012,0.48837449076509193,set2
4418372,953.3469900343355,0.509657882216079,set2
4418180,954.967123468215,0.4825535391289401,set2
4415405,945.6005189911098,0.503176887478429,set2
4417508,954.6152880142373,0.5109710043444984,set2
4412604,956.7996491729206,0.5140971649176866,set2
4410489,952.2884741874684,0.5233501010058992,set2
4417271,953.7356446685319,0.4933947548714272,set2
4419375,940.4084140212813,0.5238805708079818,set2
4425134,950.0,0.5,set2
4428201,950.1292725730528,0.501364324097585,set2
4429033,950.5337298341623,0.5016923543116432,set2
4426972,952.5694442381293,0.5044003395725518,set2
4426738,950.7103340406958,0.5148629903416264,set2
4426460,952.5375100915107,0.5026356079034777,set2
4425650,949.619810126905,0.4855711900002723,set2
4428128,951.0289347592475,0.4923233651527207,set2
4426291,948.1583462710911,0.5318623072085882,set2
4428247,954.099515858326,0.5070922646000934,set2





4351020,880.0,0.7,set2
4361795,879.9487502375488,0.699750543069339,set2
4362074,879.9459311973875,0.7011708491032026,set2
4367012,879.9830803190102,0.7002587706307069,set2
4368648,879.8586961670107,0.7003245919411345,set2
4359092,880.0264034116556,0.700038497728724,set2
4360684,880.6132569325931,0.698264711855706,set2
4357141,880.0304265082884,0.700900802542865,set2
4353155,879.6242462479262,0.7006328572054444,set2
4363268,880.1638287355636,0.7001995592195852,set2
4366970,879.4811304846802,0.7031337932369958,set2
4362456,879.4670691890698,0.7011409191233109,set2
4356802,879.1320006948008,0.7054306295878656,set2
4366388,880.0278422909281,0.700036625847124,set2
4358979,880.2203416198325,0.703194740748711,set2
4359012,879.8171080603981,0.7008923728159204,set2
4368425,879.2491393499538,0.7006741410451475,set2
4361754,878.9047454313765,0.6999047998609172,set2
4369584,879.5534632287531,0.7015837587440786,set2
4361926,879.9996119420399,0.6935049089539294,set2
4361643,878.1521810746174,0.6972389455975423,set2
4361148,880.2431539750439,0.7003198909841438,set2
4362022,880.0261526107258,0.6934367390593581,set2
4365540,882.0721942735895,0.6911890254503437,set2
4353627,879.6269513344282,0.7060132884749737,set2
4362811,881.3867873981077,0.69816288882149,set2
4363235,879.6130859824478,0.7015547157874947,set2
4352193,880.2737324414928,0.6990097434917912,set2
4359370,878.8024092512665,0.6961108749305153,set2
4356109,878.1028441765051,0.6963331152883032,set2
4351853,880.9313821424568,0.7019999771860329,set2
4363594,879.0684313325469,0.6976948095762784,set2
4361200,879.0448666793656,0.7023492695907745,set2
4362649,883.713161927491,0.7060266556873497,set2
4356494,880.983544260068,0.7066060869172033,set2
4360858,881.1155962255837,0.6996225250301878,set2
4367026,881.5957024980368,0.6982828268873748,set2
4355693,880.6276310120049,0.7002158658637043,set2
4350884,877.3662751733855,0.7075221370960334,set2
4366410,880.0544049680839,0.7029874687757796,set2
4350399,883.3889069564038,0.702766489551094,set2
4354841,878.9216248161342,0.7004172879351298,set2
4355782,881.2821434623658,0.7046039094517145,set2
4365035,880.1112892752103,0.6920687817395812,set2
4360153,875.9688354656593,0.6911868715399863,set2
4359408,878.3996542265342,0.6907049152003232,set2
4352017,882.0516114347041,0.7109783714274666,set2
4352720,878.4187509890102,0.7068674703801301,set2
4363745,878.2916752569321,0.6984254252867933,set2
4358589,881.6344570468548,0.694372337805664,set2
4385013,880.0,0.7,set2
4385677,879.9262463854526,0.6980088016559605,set2
4392504,879.936973960993,0.6980677275409226,set2
4399512,879.8083326974337,0.6990625767180094,set2
4398876,879.9210147058817,0.6951109987746653,set2
4397438,879.5468035891877,0.6888515192623673,set2
4388137,879.3344145805695,0.6944373536278222,set2
4391077,879.4137628564085,0.7072705539251601,set2
4397953,879.4527330327334,0.6818964007184762,set2
4382030,879.4761075617698,0.687979141661535,set2
4397157,879.0494880883859,0.6904216207845022,set2
4385237,878.9519333101134,0.6935346518911298,set2
4397521,878.6656734793848,0.6730012759509205,set2
4382921,878.2325408040592,0.6803345482865186,set2
4394384,878.4137047412828,0.7055428714522071,set2
4391478,878.9126386720123,0.720599115470629,set2
4398923,878.7432508247966,0.6691177399520847,set2
4380075,878.6198130818862,0.6643074215478918,set2
4385321,879.1709525445204,0.6479807197768133,set2
4391789,878.025764855907,0.6505467886470003,set2
4381792,878.4506696469747,0.6564109009055624,set2
4392520,877.8036784255676,0.6952039421672341,set2
4381194,877.705943346088,0.6562873991672766,set2
4397734,878.7776798329877,0.7114968553784582,set2
4392627,877.1401751297852,0.6468989762757242,set2
4382725,877.3243142143303,0.7036916067011799,set2
4380735,881.096699859302,0.6345408521399936,set2
4399391,876.5766878737353,0.6663170365548143,set2
4396670,877.6597685703293,0.6370715310456114,set2
4390456,878.1944804934592,0.6742465149295183,set2
4392987,879.0501886530344,0.6404740007700771,set2
4395408,876.7103584881532,0.6393743933324068,set2
4383926,875.9793597019955,0.7252014085000051,set2
4397312,876.4534608403418,0.6222413801340421,set2
4398212,875.8339945618137,0.6608901418343656,set2
4386273,875.7666247127501,0.6237088657850485,set2
4384797,880.4933703124894,0.6912673916667165,set2
4398574,876.0832475119907,0.6560794778735868,set2
4390555,877.0279449865789,0.6558844909159719,set2
4396759,875.7864516678052,0.6158005946269852,set2
4395660,879.5860928051684,0.6493870840752727,set2
4385454,874.2911982820347,0.5907879080370178,set2
4388680,879.7777633643242,0.6655590565823652,set2
4389302,880.1197203946685,0.63888201900041,set2
4391451,874.1695443029964,0.6900841729492188,set2
4387356,877.1808958587474,0.6627423585618175,set2
4391246,874.8207174095819,0.6487218527717729,set2
4385772,877.059226817958,0.613904797926173,set2
4392580,876.641468158234,0.6752900132709816,set2
4389315,878.0357299322671,0.5966962796944592,set2
4392394,876.4995414827158,0.7187804308188853,set2
4395432,879.1777996863357,0.6769553042474963,set2
4393802,873.6487989993468,0.635850920226254,set2
4383527,873.1634136211317,0.5996346632175037,set2
4381104,877.9957180465284,0.5662595239099744,set2
4395916,879.9559006991725,0.6183168399599671,set2
4399740,876.3806259356409,0.6617726991073292,set2
4397129,880.9773854001502,0.6342576064048313,set2
4386129,878.9335696574032,0.5437759773763449,set2
4393434,876.0705893852863,0.6069884780991975,set2
4390201,880.537524201189,0.5867677130672718,set2
4392612,874.4511226824887,0.5741834284153242,set2
4391334,873.624108748502,0.6781682192493064,set2
4385622,871.854418210751,0.715614555871031,set2
4386202,875.8968108863495,0.5488994457933406,set2
4385588,870.9427360530648,0.5486108339770454,set2
4381633,885.2552532886008,0.5397547935983261,set2
4398327,879.8572551739763,0.5728278796995803,set2
4397202,876.8608603775914,0.5305405285375238,set2
4388782,871.4463311439694,0.6311642153860467,set2
4412741,880.0,0.7,set2
4417982,879.9847369711679,0.699983992504317,set2
4414238,879.771262767697,0.7000977941460956,set2
4414517,879.8105190772762,0.699414152534402,set2
4410863,879.7031291795356,0.6993841418928028,set2
4418708,880.6127497356097,0.7011846068417401,set2
4415824,880.3463622012722,0.7016804454987059,set2
4412253,880.1314538737311,0.6974508595853217,set2
4416389,879.9561146874506,0.6993461320087471,set2
4415177,881.0721241547303,0.6981768535305002,set2
4418323,880.4628730122588,0.6980077547237155,set2
4415003,878.6711090098049,0.7022664634208651,set2
4418587,880.7129111720042,0.7078015726052159,set2
4415532,879.6001929334521,0.7009909915272616,set2
4415740,878.8595913647197,0.6956732292527756,set2
4413023,879.4903741275002,0.7019507520249744,set2
4417591,878.5864454356969,0.6980371690333648,set2
4410980,881.3553075082706,0.705119116444126,set2
4419977,883.0163856056098,0.7022595415892866,set2
4418975,879.9599107514691,0.7037451812817317,set2
4414272,881.1365698566394,0.6988363198962413,set2
4410185,877.4522984562973,0.6934311034694555,set2
4411662,878.5306163199263,0.6978191210618762,set2
4418482,881.4543298037852,0.699442677429735,set2
4414802,874.9001860676702,0.6943406903825919,set2
4415084,882.2336895387444,0.6884286747317776,set2
4418818,875.8941686686885,0.7025738760956595,set2
4418798,876.9809349288569,0.7096503087636881,set2
4410047,879.3373212701524,0.7041908345219664,set2
4419697,882.5295432559278,0.6972071351966124,set2
4410238,880.7878482486394,0.6994476698450228,set2
4417377,878.1145974673997,0.6917117117521344,set2
4419484,879.6199254578648,0.7088436830796824,set2
4417004,883.0431424965772,0.6984929840342,set2
4415390,883.638751843564,0.7172895882553736,set2
4411790,879.9128058828194,0.7274199453609483,set2
4419470,879.8853319961017,0.6835657240891151,set2
4419388,889.5751637087067,0.6908216040219893,set2
4410756,877.7810620824249,0.6876253189723234,set2
4414404,881.7762480466024,0.7034990019857001,set2
4412805,883.6079907180906,0.7158101343716474,set2
4416599,876.8405399014858,0.6964699495933374,set2
4411725,892.3499804847419,0.697752205870291,set2
4416228,880.8072068139238,0.701658865018156,set2
4412507,889.830249310746,0.7046000723744884,set2
4419807,875.2281869673403,0.7140991907250785,set2
4412710,876.2987396201787,0.6830400058128893,set2
4410715,882.924717800556,0.7012378251095217,set2
4410886,883.7297436583625,0.7155842608556021,set2
4417636,880.1493849171778,0.6885571053216555,set2
4428177,880.0,0.7,set2
4429128,880.0119896005041,0.7026757934516504,set2
4427593,880.269391925012,0.6983104018211851,set2
4428045,879.5641636663469,0.700038827229579,set2
4427864,877.9863554647617,0.7090317899671414,set2
4425500,884.2638233785214,0.7031088554906647,set2
4429644,875.224486966406,0.6882827549168298,set2
4427530,874.7759695682886,0.6870757843149692,set2
4425276,885.3713577944646,0.7200013683751613,set2
4426436,876.1435474412568,0.7045919602884005,set2







4355335,930.0,0.8,set2
4378831,930.0047349113323,0.8001031216684746,set2
4369567,930.083646478382,0.7997619681054802,set2
4386007,929.9586479994798,0.8009622503453122,set2
4389425,929.8604855091361,0.7998028935901278,set2
4371820,929.8847987635653,0.8006107655718994,set2
4370343,929.8179774619696,0.7978162066927735,set2
4350373,930.2820159348972,0.7995637878638578,set2
4360631,930.1286361631487,0.8021071231854174,set2
4358979,930.3783272018508,0.7994687453560945,set2
4378886,929.866609706426,0.7992560807083261,set2
4399897,930.3427657408498,0.79796444793498,set2
4354637,928.7248385367502,0.7998357973843166,set2
4394471,930.0708515309744,0.7957829561738312,set2
4392784,930.2953714302924,0.7954227399581193,set2
4368240,929.7704210846263,0.7940059228703756,set2
4390251,930.0790024646564,0.7966801998835568,set2
4395257,929.87471843889,0.7997055879039208,set2
4396663,929.2050626674783,0.7993027919838867,set2
4373164,930.940758559205,0.800378093296132,set2
4382861,931.0199260164795,0.8014510579017059,set2
4379039,932.0132870364337,0.8000163204105548,set2
4398420,930.5142495208073,0.8011305309017508,set2
4372847,929.8345831098377,0.796493744823866,set2
4363999,929.7340771250158,0.7917163116390119,set2
4379219,929.1914951698418,0.8018908543983196,set2
4396642,928.4849204147632,0.7964168136382366,set2
4372396,925.9421952418419,0.7940425344085882,set2
4375367,929.556570734924,0.7960443472988717,set2
4350798,931.4724334881948,0.7981880664144616,set2
4389845,931.5683952839414,0.80118023156321,set2
4389907,931.4776818656279,0.8066425252530028,set2
4357048,927.8615187606486,0.8008327748405574,set2
4364823,932.8232830082884,0.7974919604896856,set2
4371404,928.1408507641329,0.8075841351734172,set2
4365861,930.395962668155,0.8002848302311594,set2
4361065,931.2912925833689,0.798007717384614,set2
4385010,929.1185301483804,0.8034036358148552,set2
4369079,929.3945038946399,0.791756101112319,set2
4391780,932.4634323000552,0.8056489427315852,set2
4382363,928.4746946178927,0.809993570840402,set2
4388533,929.788710894162,0.7980955021004266,set2
4351648,932.3061851142998,0.80982418930952,set2
4371769,931.0209283819222,0.8016811792231933,set2
4353091,930.5369792624567,0.8007439564608626,set2
4355308,932.386890799209,0.8057039489250966,set2
4380692,931.3270600259568,0.7825374054286155,set2
4381253,926.977337609385,0.7985083398420763,set2
4378963,929.1874651973333,0.7779892862564289,set2
4372327,930.1255534484438,0.7863228494417162,set2










4357892,900.0,0.5,set1
4364594,900.0038684904135,0.5000050887068074,set1
4378680,900.0169393179888,0.49987165502541814,set1
4360810,900.0229193780826,0.4997587992609891,set1
4360459,900.038860463979,0.498847755424142,set1
4360108,899.9727694929784,0.5008834491820643,set1
4378395,900.0423596062068,0.500130542958656,set1
4378548,899.947666909388,0.5012517655989278,set1
4375680,900.0753488032104,0.4987897447337051,set1
4362493,899.885449933623,0.5025008366917549,set1
4350556,900.0408116241282,0.5000589500271888,set1
4358646,899.8156236412511,0.4997750355693086,set1
4378103,900.2021389703757,0.5000537115433018,set1
4359121,900.1612133300933,0.4959495425595109,set1
4355845,899.797439830549,0.49788256530003194,set1
4365574,899.9527344716982,0.49747721393012734,set1
4371806,900.085651456801,0.49938805230151856,set1
4353525,899.7783412080634,0.5012624045789574,set1
4360825,899.4441358898873,0.4978915202666429,set1
4357024,899.5091362866443,0.5027624086819631,set1
4356727,900.6283401222373,0.4970712025583688,set1
4368846,900.0159916179904,0.5046735307059182,set1
4350682,899.8816338040335,0.5033024669717033,set1
4351253,900.4253197073642,0.4923564673852756,set1
4363843,899.5889072846022,0.4939696513554297,set1
4363031,899.5480079888032,0.5046309270312604,set1
4361985,900.0086674515593,0.5068275613319739,set1
4363578,900.3324808084751,0.5068491693057768,set1
4364777,900.4894378229097,0.492242072475944,set1
4372892,900.2962572603109,0.5025070642265547,set1
4377138,899.8344298056401,0.5070576648675994,set1
4379765,899.5114555448665,0.5120671545803608,set1
4376696,900.0032721757102,0.49510772940916026,set1
4374857,899.3727420543538,0.4822009200508595,set1
4352771,900.1053198008593,0.49343960744093274,set1
4367113,899.8923688084134,0.49714156456498315,set1
4367025,898.4420287363425,0.4935185391485241,set1
4355801,900.708477861958,0.5011612680311641,set1
4361829,900.7547860488513,0.4887711931941243,set1
4355892,900.1693567447314,0.49214070108809815,set1
4375210,900.3149739360703,0.4981338027958108,set1
4351684,899.8523162480136,0.49576833735933884,set1
4355238,899.6612202686528,0.5185584824948539,set1
4368465,899.5575947145817,0.4916840393582298,set1
4371386,899.5270875875584,0.5095490765987639,set1
4350267,900.1132449238617,0.5089180468053386,set1
4371953,901.0387659885369,0.51128570443991,set1
4352648,899.9127366851623,0.4888117841181634,set1
4375288,900.3951732754712,0.49091188821053416,set1
4350134,899.5491293875085,0.5088345889865954,set1
4358969,900.7938880059282,0.5116322151445375,set1
4365600,900.858539044112,0.5084807535213296,set1
4378738,899.4901949700608,0.5080228779408569,set1
4358300,899.3827730960096,0.48833802425886397,set1
4354371,897.7030448341902,0.5044433742222281,set1
4357335,900.7005040477728,0.489685218421051,set1
4367045,899.0769474441956,0.4999333753870566,set1
4373009,899.8041625154743,0.5124824436544672,set1
4364661,899.4961611524369,0.5085138165064438,set1
4364621,902.3338558042338,0.49653142560546526,set1
4355202,899.6709393607266,0.5015082432780328,set1
4362195,897.7335247071566,0.49203523902041846,set1
4376985,901.5130226259226,0.4865939117129803,set1
4376162,899.1912881662329,0.5219822717758358,set1
4356134,900.0169898344986,0.4979801291765705,set1
4378906,899.3949019650087,0.4995102769543499,set1
4370221,899.128711122138,0.5129767049985242,set1
4352319,899.4045571630716,0.511538462727649,set1
4357166,899.6279450242016,0.512303009882882,set1
4367525,898.894016867319,0.4817626066547693,set1
4357242,901.1243368134308,0.4914104918495882,set1
4357988,901.959744505809,0.5083833652152903,set1
4373420,900.2861493158075,0.49866962697691863,set1
4351547,897.9809357199882,0.4790586930562303,set1
4354449,900.3318964001068,0.48797636957484886,set1
4371930,901.7684585988343,0.5105720661860521,set1
4367281,900.0057603903385,0.4738163412496983,set1
4370681,900.8605157611636,0.5098332865067345,set1
4379695,898.7580783297835,0.5001157590020152,set1
4366236,901.5440372309242,0.5057786295542218,set1
4351586,901.5834487308351,0.4840874517045772,set1
4377950,899.7619815769935,0.4890009185742391,set1
4359004,899.1306416769363,0.5042144304427644,set1
4378043,901.2307365896304,0.5025583292396713,set1
4354032,900.3642644461067,0.482633202635169,set1
4361260,900.6100829484033,0.5000479256578615,set1
4379558,899.3770766682416,0.4955160548107373,set1
4360363,900.3662888252397,0.5063093740593672,set1
4367588,896.597251001494,0.5122698326682056,set1
4351386,897.9442384417741,0.4534835243846508,set1
4369320,903.827407815283,0.48866568284762374,set1
4353573,899.0948731768972,0.5176972839089959,set1
4368907,900.2745622766374,0.49152086409114676,set1
4376244,899.5136561545094,0.5155123608142037,set1
4355154,899.1155824959282,0.4868683207697419,set1
4363499,897.4064999443975,0.4991335821759687,set1
4376764,898.4234910260475,0.5253300518308957,set1
4377044,900.1939745010782,0.5000789605690532,set1
4367420,899.8822049644239,0.5305964821621837,set1
4362535,900.3701825180065,0.49529275002963596,set1
4353208,902.9467576205313,0.46944307144053166,set1
4360777,900.4961507537962,0.48857674691027714,set1
4377709,900.985331919735,0.5114037478106237,set1
4367447,900.0907486273605,0.4941058965855124,set1
4376241,902.9077982220208,0.47633345198925475,set1
4368459,897.4194706041752,0.49524145762587113,set1
4355019,899.0640207710561,0.48089556990610327,set1
4358109,902.8420881344451,0.5039139286159946,set1
4358411,900.7139010543214,0.4996012267985575,set1
4360959,899.3578346152274,0.4946020659878478,set1
4363730,898.4070204436441,0.47283573756477437,set1
4357070,895.9731560142226,0.5182172392759762,set1
4373771,900.413657564559,0.5023855354768306,set1
4352240,899.7086670305254,0.49570763710269156,set1
4370857,897.8155469144994,0.48988331456872025,set1
4367093,897.8847996757183,0.5531708350511422,set1
4355582,898.0263505845389,0.5062275102450984,set1
4360726,900.6255307612436,0.514745715896846,set1
4355022,898.5134321956456,0.4940949852147892,set1
4364563,899.7955814745544,0.4874401852100538,set1
4352237,903.6271044552249,0.46613691025347836,set1
4367747,901.6925866882107,0.5023107763550377,set1
4374678,904.6906853878578,0.4948421793232402,set1
4357003,896.8863361128938,0.4868280835493261,set1
4351888,900.7461224398689,0.5145324235437505,set1
4365499,899.7468320756328,0.5114317968740263,set1
4370520,903.9648618522859,0.5234628965635462,set1
4354604,897.2632357377687,0.494329483363212,set1
4371855,900.7568561269248,0.4985572695670854,set1
4359720,900.38833709297,0.48349377348483347,set1
4372113,899.9757103003283,0.5312231019951037,set1
4360882,898.815259459122,0.49919616059227107,set1
4370630,895.4527802597305,0.5049832821480972,set1
4354048,899.3905491308693,0.5063969174496532,set1
4351097,905.145718024075,0.5432120303811955,set1
4367053,899.1287014299994,0.4381983505032254,set1
4353917,897.1693182440985,0.4967063129591468,set1
4350965,902.8909725647467,0.5289909496995349,set1
4361281,898.9796131614518,0.4932157701412761,set1
4362573,901.6201993902969,0.5125783668057627,set1
4379013,902.4213327894666,0.5213827623637699,set1
4361327,899.5822606015869,0.4943112221662451,set1
4353934,899.0987058965766,0.5313414330916514,set1
4374540,902.5705197903293,0.5046569859149658,set1
4374977,897.1161093763709,0.506515324160169,set1
4364289,900.4177004462672,0.5016150265261706,set1
4370612,898.0381696611479,0.49210334404952005,set1
4362532,901.6220522756677,0.4890904969536174,set1
4359133,898.7497939736642,0.5023244849785927,set1
4378700,898.8413070209779,0.5132677091050962,set1
4392866,900.0,0.5,set1
4397727,899.9825050376477,0.4998010724336846,set1
4397409,899.9783860660418,0.4997802497174909,set1
4398586,900.0015819352717,0.49910827525799695,set1
4395005,899.8022615329245,0.498427874030586,set1
4390026,899.6043004246153,0.4995133466475166,set1
4398355,900.0181872033959,0.4986911977310258,set1
4399811,899.5558689904691,0.49813366197800696,set1
4397237,900.120950125726,0.49746208032406686,set1
4397401,899.4012492159172,0.49820286806604674,set1
4391189,900.2146434174847,0.4982061380121094,set1
4396097,899.5173818188665,0.49555141452866314,set1
4392392,899.3462431149185,0.49926553401461643,set1
4399916,900.230903826729,0.5000495182405323,set1
4390522,900.0967720148681,0.49500066619116656,set1
4395139,899.0414888896283,0.4943249195022589,set1
4390914,899.2521737982477,0.49679745315429624,set1
4398011,898.7626672853114,0.49643023210922993,set1
4396145,900.2438801315958,0.49129100512897456,set1
4392176,899.1472047498681,0.4935168862587711,set1
4399419,899.3595497827906,0.4914832669735537,set1
4391781,899.5901186653964,0.4918807964045185,set1
4399964,899.3986705521257,0.5012083625481056,set1
4399446,899.2770283966672,0.49185773104632213,set1
4398549,898.4303261340235,0.49671824645237,set1
4393570,898.5264802266908,0.4934751643623617,set1
4390055,899.9827643625948,0.49006018622330605,set1
4391003,900.5060583553563,0.49715560934821973,set1
4399064,897.4344845032834,0.4944492493730865,set1
4399556,898.6955276855335,0.49613928410219016,set1
4396029,897.8681065826837,0.49724810099182953,set1
4391152,899.0215696141724,0.491200176993234,set1
4395231,899.807753317954,0.488950809854088,set1
4396103,897.0972764864774,0.49120605731515243,set1
4397000,899.7820064864059,0.4969145800746266,set1
4397766,897.6013514764551,0.48774839143850773,set1
4393279,898.5887638205107,0.5045080243316709,set1
4399150,898.542911255062,0.5003868519451347,set1
4395321,898.7703576191869,0.50486661112524,set1
4391903,897.06624727569,0.48644431799876336,set1
4397024,899.6732942091404,0.4909892658706504,set1
4397182,896.8265644849615,0.5029023791564222,set1
4393867,899.4932014804531,0.48484144595358813,set1
4395547,897.6739687242763,0.48232259663480154,set1
4396012,900.9953936402813,0.4948579456355068,set1
4399450,899.471551258186,0.47896896123275556,set1
4395035,899.8664450487005,0.4959150529865899,set1
4397881,896.9635651590671,0.4811929261588989,set1
4392891,897.7860434772348,0.4974276809555523,set1
4393175,898.9043906685818,0.4764669377282934,set1
4394643,898.4264154297637,0.4796335732897996,set1
4390137,896.4422324554648,0.48361098589066637,set1
4390764,897.9663160472534,0.48537657949653085,set1
4395128,896.7677274928093,0.5112980450172406,set1
4399956,896.226134836259,0.4901134556415491,set1
4391795,902.8342240044577,0.49533425812721327,set1
4399754,895.6709346229974,0.4824853579610907,set1
4399247,898.365429828734,0.48796562477773747,set1
4399579,898.8296594211067,0.47553141954967143,set1
4398760,899.3863726321679,0.48843576071694844,set1
4394593,896.3867617521375,0.4850629657785709,set1
4399524,895.8643405495928,0.48597642261123336,set1
4396457,895.8899746052132,0.4989393857882445,set1
4392835,894.4713754756036,0.49472027577081956,set1
4398203,897.160669385502,0.5133499908527563,set1
4398967,895.0624678308395,0.4896703136031465,set1
4390839,895.8260562594138,0.48319190428172876,set1
4392316,896.733190388332,0.49108671496881967,set1
4396169,894.0778773550992,0.49747237838310937,set1
4392907,899.2706709824773,0.47999961658149626,set1
4393123,894.4024414869839,0.4820753311519899,set1
4390232,896.1430297092364,0.48037948138403386,set1
4393502,895.0776128482555,0.5151613867426277,set1
4396916,895.3401858581028,0.48429153064719593,set1
4396931,895.559879962884,0.4714742923623938,set1
4398787,897.440812370442,0.48723599378074867,set1
4398378,897.1985803481024,0.46722109318300775,set1
4390387,894.2768097122098,0.4882343454427121,set1
4392441,900.279979280412,0.493709425465086,set1
4396650,903.6700836190298,0.4711418437700345,set1
4398088,897.1780814908631,0.5028307449994278,set1
4394138,894.0891910159245,0.4910051804454795,set1
4391009,894.2785267398987,0.5099633642307038,set1
4392824,896.8219533827453,0.4859426563797952,set1
4393135,901.3747552444243,0.47275653303515086,set1
4393009,895.9712447700599,0.4805391836544233,set1
4395691,896.5667775495494,0.5066813433852332,set1
4393614,896.8241164385241,0.46436141366152084,set1
4399075,894.5576306507617,0.5088765542957016,set1
4391130,900.1893693843203,0.4843692989104859,set1
4394403,891.6140233868433,0.4766596841401971,set1
4392698,894.6891018271534,0.48001603566428047,set1
4395254,896.35983763866,0.4787148818029273,set1
4398432,893.3607640733717,0.4856073931763033,set1
4399415,892.9713000751557,0.47556658124781304,set1
4399772,893.7353296745005,0.4997376374979014,set1
4394158,901.1120506950815,0.4801213055194518,set1
4390993,893.4871007510942,0.45456544996673387,set1
4391195,894.7429311832191,0.4901890504532482,set1
4396365,897.8097239459108,0.48879366307333844,set1
4412678,900.0,0.5,set1
4416414,900.0690318833854,0.5004440809650624,set1
4411907,899.8417485993571,0.49910565573196936,set1
4412546,900.1169722569952,0.4996835767581014,set1
4416043,900.482003851384,0.5006825509997216,set1
4418590,899.7460291712548,0.5065288712845792,set1
4418637,898.641005320521,0.49442110948803997,set1
4414564,900.1213720600512,0.5007895502167631,set1
4411355,899.9247622548592,0.5027078503562924,set1
4416728,899.2365835939135,0.5044152518072492,set1
4412507,901.5675845104836,0.5004611025810546,set1
4414921,900.3178441081207,0.49808907707687317,set1
4410107,899.9179211524794,0.5011840664797637,set1
4413354,901.0403004583275,0.4997744482566304,set1
4413681,901.818141801577,0.5041995746117834,set1
4417839,900.8924217069091,0.500959136932877,set1
4412010,900.9659270292162,0.5094581005004812,set1
4413134,896.9640973145883,0.49238321431280013,set1
4412668,897.6446679586362,0.5166019373377727,set1
4412443,900.5109271237476,0.4996140529622213,set1
4413652,899.2533224935529,0.5109222774978394,set1
4412438,899.4623669885033,0.49650970745068057,set1
4417617,900.8814252801664,0.4978096534883714,set1
4415072,900.9256027695575,0.49271847450028555,set1
4412827,897.5816728857844,0.5085893268657382,set1
4417923,904.171889810036,0.4782365479630377,set1
4413673,897.2740776260113,0.5124933277738914,set1
4410183,902.9075272937082,0.502211985307196,set1
4412583,900.3278995012881,0.49085858838944163,set1
4414364,897.1389442823922,0.5030567563246428,set1
4417536,900.1598429067781,0.511188396146025,set1
4419239,905.1871498195694,0.49281038246640374,set1
4411716,902.2086747970283,0.5045410517324158,set1
4410862,894.8882793774837,0.48890438405144393,set1
4412301,901.7017670838804,0.48146724005702285,set1
4412344,896.1905689301749,0.5119568853362577,set1
4419496,895.9929626604851,0.5119654206327925,set1
4412523,899.1411603431986,0.5052060213210787,set1
4416120,899.671907608809,0.5160078277179755,set1
4415853,898.5809709339203,0.49986302705238916,set1
4412977,895.3297640284742,0.48553813652613614,set1
4410588,899.5868517665522,0.5090623774239491,set1
4412762,901.5510669619717,0.5131047546036769,set1
4413351,901.3266347376862,0.49019001886047403,set1
4418724,899.3065443885674,0.5098216368877457,set1
4415663,903.2759882117698,0.5011869130680785,set1
4411347,903.8395571447292,0.5092589519424522,set1
4419297,909.0553248988344,0.529806387257569,set1
4412363,903.2483014809026,0.4918912786552483,set1
4410444,903.4500379331496,0.483211663347397,set1
4429025,900.0,0.5,set1
4427880,899.88285961708,0.5005203340334219,set1
4426848,899.9982162588831,0.49949824072407684,set1
4427029,899.6588486490662,0.5018349627128096,set1
4429734,900.4574187851936,0.4980237609427301,set1
4426975,900.4612525800053,0.49667240204927926,set1
4428130,900.3908016700052,0.49454846685821685,set1
4425355,899.6549788284614,0.5025037728888322,set1
4426695,900.4646747455005,0.4990086912497976,set1
4426830,898.8342481413104,0.5050599680673334,set1
4426304,900.7981421459122,0.5048895808482029,set1
4427182,901.2241960088409,0.5040495077035438,set1
4426062,900.438237036167,0.5095480803297058,set1
4426229,902.1531637127931,0.49757887007226614,set1
4427247,899.0315065612751,0.49752816618576284,set1
4428324,899.7077924834514,0.5107937988606351,set1
4428513,902.6476595584194,0.5067573314868288,set1
4425523,902.5715799326994,0.47290958099193703,set1
4429401,901.5453958717932,0.4974041077558133,set1
4426167,900.6221349659415,0.5022475583357506,set1
4427094,898.2222812890982,0.5066604755510686,set1
4429216,901.8616001898699,0.506022464452575,set1
4429002,902.0175066032778,0.5120481184042622,set1
4427558,898.6730358431796,0.5104957797171642,set1
4426611,899.967800831614,0.5052595904083131,set1
4427651,902.7240671499143,0.4846389373551813,set1
4425767,895.1742775677415,0.5091803885351004,set1
4429513,901.4493207597309,0.5057694563641503,set1
4426887,905.0634002408376,0.5077832822156874,set1
4429171,895.992444461716,0.4884491845264336,set1
4426908,900.3161288136633,0.48762311793379143,set1
4426303,909.2326743081848,0.4891806164757428,set1
4428180,900.7912330427137,0.5030699789042348,set1
4425727,898.2850273376243,0.4808733489481477,set1
4427663,901.7864673711624,0.4901705960293072,set1
4426862,903.7658481864078,0.5461320612634961,set1
4426813,901.8330360611175,0.4707346382358377,set1
4427856,893.9203365655453,0.5024907560359305,set1
4428772,899.1849130987871,0.4970536100248949,set1
4426754,903.2487293403958,0.5030249388744795,set1
4426525,902.9987678003097,0.5080899553265479,set1
4428729,899.130293376387,0.517000239676441,set1
4428288,901.1161149996891,0.5381135154587371,set1
4426055,898.754699808398,0.48535242370677206,set1
4426031,899.3310561189359,0.5195853070445614,set1
4427882,900.2835953615564,0.47629120329567626,set1
4428811,901.2320283642297,0.46922951287990666,set1
4426927,891.4448213624867,0.5179800599561941,set1
4428224,895.8558110452911,0.4914456263071235,set1
4425008,904.6766833043828,0.5309278429247182,set1








4374367,950.0,0.7,set1
4356812,950.0084794435454,0.7000225061720795,set1
4364750,950.0153200419599,0.6999695802866167,set1
4379263,950.0314564893652,0.6999690061321573,set1
4354460,950.1511151913286,0.7002830206545407,set1
4364709,950.0638246727825,0.7000309154797413,set1
4359849,950.0753820707941,0.7019636343670154,set1
4368422,950.2312479894701,0.6949934318393436,set1
4350815,950.1874108961274,0.7000473359381193,set1
4357811,950.3188168411325,0.6973373706674479,set1
4357221,950.0094360000791,0.6969059989984536,set1
4359303,949.9693413509108,0.6954724249651358,set1
4357738,950.5280860073567,0.7025337248227996,set1
4368374,950.3726132289768,0.7005818720603302,set1
4364696,950.0539463418376,0.7020725325307894,set1
4366693,949.6880008058059,0.6972006938794242,set1
4366452,949.9326874654892,0.7017627121404175,set1
4376708,949.8744552199041,0.6991516390087297,set1
4377470,949.8316523417889,0.7077451729012503,set1
4354680,950.4975529535873,0.695743189575383,set1
4351484,949.0692181782429,0.7071280771595929,set1
4379231,949.3913066683068,0.6980758348382066,set1
4357543,949.8845081823844,0.7116465048675419,set1
4353751,950.3702263976528,0.7074618356097632,set1
4350884,950.0398201651691,0.6955181728312032,set1
4355318,950.4753978792927,0.6947247323341432,set1
4350452,948.8005847226719,0.6932053410161672,set1
4375327,948.6255746161918,0.6983012166024877,set1
4362327,949.6152574094796,0.6961618394731942,set1
4363910,950.7502281863714,0.7089578943877434,set1
4356468,949.1982787408158,0.6967108110654582,set1
4377229,948.7460040508339,0.7038018098833156,set1
4351549,948.7031920566105,0.697546072543794,set1
4351265,949.3138798668398,0.7028044542351692,set1
4355078,948.7095788825211,0.6976578449465609,set1
4351659,950.8879024865712,0.724160179744455,set1
4352174,949.8810949092555,0.7088842222687595,set1
4354636,950.6839449137142,0.7156801267256462,set1
4364656,949.5903566764164,0.6984320778103299,set1
4355176,948.6969651343709,0.6976214450002998,set1
4363513,950.8250008254862,0.7206313705566099,set1
4359130,950.7846007284925,0.6981422565869766,set1
4359720,948.6756469414372,0.7127744203635888,set1
4353772,951.5165978787467,0.6884935610991963,set1
4354961,950.6732686805761,0.7006969488576519,set1
4367878,951.1544827367726,0.67473352049912,set1
4365868,950.4085899131434,0.7129477183632641,set1
4372390,949.6702342604354,0.6938892047350441,set1
4366766,950.5477396282884,0.7287975305438223,set1
4357329,950.2520092405854,0.7224133513410057,set1
4364273,948.9190052245116,0.6919219675746064,set1
4367669,952.1017464378518,0.7227349506980054,set1
4375925,950.7567121792463,0.6778722064324226,set1
4366221,947.8673256037208,0.7172402571187845,set1
4379503,952.1545964188747,0.7216742896493326,set1
4363175,950.8704411231531,0.6825212742313264,set1
4367027,949.3675339601062,0.6918640017835475,set1
4356599,949.1619985353416,0.7009415350775904,set1
4378643,950.4012661085154,0.6858423650188302,set1
4368487,949.4365670848099,0.6917849016343957,set1
4368556,950.5941817045691,0.7120007495773314,set1
4359622,951.2880870637572,0.7088206637840039,set1
4369303,950.7682487388066,0.690508415919473,set1
4371335,952.3695850372785,0.6907561353113175,set1
4369947,949.6132964475985,0.684261668225635,set1
4350278,950.6699321026049,0.715265545438396,set1
4367795,949.847899250851,0.6960764534157067,set1
4372482,951.1353536728452,0.7196272552832339,set1
4372019,949.363446224938,0.7366595064162659,set1
4369817,948.214130497495,0.694504376034872,set1
4355914,950.943933166922,0.7165818537450189,set1
4363873,951.7213805004056,0.6923298393663794,set1
4354848,948.7857566099251,0.6696325584835858,set1
4356328,950.867380671362,0.7052610227168414,set1
4374363,949.7970239584447,0.7134157829339082,set1
4350732,949.3509397284527,0.691843333120607,set1
4374168,948.9365326282177,0.676919616700178,set1
4371189,950.01078567434,0.7192146473833734,set1
4379191,950.2024522868446,0.6987464177555975,set1
4368142,947.4657223982067,0.713867693025853,set1
4368666,947.181320394146,0.6878197382675149,set1
4352013,951.250059289316,0.6945802864016701,set1
4369292,949.3006304189792,0.7234506286098698,set1
4351932,948.6017070668468,0.6958493099650499,set1
4361064,953.4070565046006,0.6981082870759439,set1
4363792,952.203598651349,0.6945716001340438,set1
4351409,948.5826479902217,0.6905085127704474,set1
4367825,947.0278321174032,0.6859443215852843,set1
4365101,948.6320597188761,0.6306274769224478,set1
4373503,950.98035793575,0.6793500028400828,set1
4357980,951.5332527672771,0.6792236961893825,set1
4361407,954.4184631779227,0.7121788826840464,set1
4361962,946.8958479240334,0.7275956852824301,set1
4352965,953.7356925125036,0.7076018031748793,set1
4359686,953.3302264227369,0.6840121344455826,set1
4379395,950.134308740726,0.6774416936943158,set1
4365640,946.5428369000558,0.6722051355788732,set1
4361543,951.5242375464364,0.7530440724706534,set1
4377575,951.0364641673902,0.6724611570608634,set1
4355978,954.3198985251329,0.7173339824727414,set1
4392519,950.0,0.7,set1
4396036,949.9464023976706,0.6996124871271286,set1
4391665,949.9431854720992,0.6999915969814786,set1
4395528,949.9816533650531,0.7000248594170507,set1
4390757,949.7022033624418,0.6988813703434281,set1
4392910,949.5759951769057,0.6999179590616535,set1
4396061,949.9655338158904,0.6992435054753562,set1
4393944,950.3069019520113,0.6992103128516979,set1
4394407,949.5034626651523,0.6991324903717024,set1
4392157,950.2622614190484,0.6988939540740807,set1
4398688,949.3177448809073,0.6961124194178466,set1
4396495,949.3213782990676,0.7019597670703092,set1
4392255,949.9654971719385,0.6955430557934149,set1
4396568,949.3913285416016,0.694927599800831,set1
4390515,949.2749210912427,0.6974595580924975,set1
4398092,949.0489959284243,0.6934564408850172,set1
4390049,948.8102750718471,0.6929680254322595,set1
4395854,949.2099291133565,0.6918887425145149,set1
4394029,948.620529378819,0.6977265088616947,set1
4394778,949.2121317932335,0.6983838088671178,set1
4395571,948.934155061959,0.6981075632410304,set1
4399533,951.0046185761565,0.6923405470959889,set1
4394042,949.9307658483871,0.6955006024802866,set1
4394552,948.6552148272785,0.6957652574182586,set1
4393466,948.9907444555745,0.6920213006753728,set1
4399441,949.5054909104678,0.6975448260915125,set1
4394039,950.8762101841327,0.6906007320868423,set1
4395606,948.2665270047324,0.6971987348732682,set1
4390474,950.2428953528093,0.6901990246704967,set1
4396193,949.1378219260853,0.6898236340516983,set1
4397662,947.6601895593367,0.6921082956573179,set1
4393085,949.6981261850527,0.6958251166483655,set1
4399643,949.1159049244231,0.6991437526469354,set1
4396765,948.9933019004282,0.6886771933358281,set1
4396028,950.7700553066736,0.6876193035326952,set1
4396515,947.749639136334,0.6920835735005225,set1
4396849,949.1173683867241,0.6846282418865756,set1
4394358,948.398552606969,0.6855924705099662,set1
4390855,948.7691433585908,0.6910381227697749,set1
4393973,948.4883956433724,0.6896809432081222,set1
4394995,948.8660956922915,0.6936311603165539,set1
4391479,948.482191582352,0.6829528328769086,set1
4394839,947.1832904031718,0.6814152216386871,set1
4398320,946.5395137657396,0.6831518886775264,set1
4397879,946.4262220523452,0.6983117164477586,set1
4390096,951.754225148885,0.6871388598953374,set1
4398669,948.0745915702817,0.6976554245536151,set1
4397254,950.6470722104726,0.6919560797746408,set1
4392564,947.4218317798383,0.6888124318833653,set1
4398446,951.6605037387346,0.6778110273832305,set1
4395212,945.8149941465115,0.6939054325707723,set1
4392223,946.2202635742165,0.6950856724556,set1
4390847,949.8741145777965,0.687275126994515,set1
4391580,950.093441112436,0.70473070193208,set1
4397226,946.213840479694,0.6969382185576158,set1
4390012,949.1930407129585,0.6938504271093058,set1
4392644,946.1472630021599,0.6776867203909936,set1
4394605,949.6326883782884,0.6844363220784706,set1
4393851,949.4141339322302,0.6747848488681398,set1
4399442,947.7882237179501,0.6845303362926962,set1
4394086,948.5902798288832,0.6784477821334387,set1
4390015,944.6666869190574,0.6869677805154739,set1
4399075,946.190924402654,0.6807702211978642,set1
4391339,944.1369274855159,0.6855212724707547,set1
4394215,945.6126112468819,0.6855989669282192,set1
4391849,945.9413196640368,0.6817786980035028,set1
4395363,945.1349107731363,0.690753518108266,set1
4398715,943.4279588558337,0.6981229294144892,set1
4394933,949.593958595779,0.6763275626315002,set1
4397012,945.0978127422135,0.6868566043969587,set1
4394613,943.7422422175359,0.7052738957888602,set1
4392704,944.9748882425259,0.6847008489811258,set1
4391170,947.1462707179646,0.6787946053514495,set1
4391379,946.809163246527,0.6667637151671613,set1
4396036,946.1215040382538,0.6845784564810108,set1
4392083,953.4285643529812,0.6637694747618104,set1
4398098,948.1717321573926,0.6959693390963315,set1
4399627,947.4656456389832,0.707768560557623,set1
4395088,948.1830369015839,0.6710073705257097,set1
4390105,942.7918412270719,0.68034316514733,set1
4390303,950.0540399273199,0.7016501020896753,set1
4393473,945.5245327692024,0.6802916765214443,set1
4397697,942.8654475953896,0.6801991111787161,set1
4399311,947.4292967377726,0.6651524998064989,set1
4393267,945.2623625945379,0.6788992806901455,set1
4393263,945.2677564247532,0.693354221069175,set1
4394199,942.9046993315933,0.665541710063199,set1
4394663,947.9958536635979,0.6690196339524982,set1
4390429,951.8501233003503,0.6827543646307921,set1
4399254,946.0991695074971,0.6644757846005583,set1
4395809,944.9875855923144,0.6627598525047882,set1
4393790,950.24760648603,0.6688744349319319,set1
4395792,943.8134466269547,0.6832813858469348,set1
4395046,946.6769334255619,0.6887171984691701,set1
4397009,945.7721164753433,0.6912924367101724,set1
4397213,948.9706201014932,0.6645223290558397,set1
4399204,944.0492681557525,0.668552843814536,set1
4393004,950.7744360202508,0.6721881062477794,set1
4399723,950.0615392537361,0.6987372784523094,set1
4394657,940.6894500399793,0.6654677753838798,set1
4419570,950.0,0.7,set1
4412883,950.041597046292,0.6995278376219558,set1
4417833,949.9554196438993,0.7011164875711047,set1
4426649,950.0243193604916,0.6993335764208654,set1
4425395,949.4770693967346,0.6977754418500018,set1
4421846,950.6553204994509,0.7062629527411907,set1
4418819,950.7531812302785,0.7046651232272934,set1
4420428,949.3480143773602,0.6970499254922482,set1
4425736,949.9428227769596,0.7010019555079475,set1
4413845,950.3306354152244,0.7015149901404056,set1
4420776,948.9503336354898,0.6979620360191704,set1
4416817,950.5037330788933,0.7044380096989711,set1
4418496,948.6209981746722,0.6996951813056534,set1
4420668,951.5418526317331,0.6934529360256536,set1
4413192,951.9256517760299,0.7020364507679359,set1
4414595,950.4398863642284,0.7092395397456717,set1
4429427,951.7923827080758,0.7167789701990221,set1
4425431,949.0592503230331,0.7031886701970731,set1
4415143,946.6302065309609,0.6796901155463373,set1
4418285,952.3434231001395,0.69597615195155,set1
4422055,950.7570514876595,0.6950402814733317,set1
4429179,950.1602588655501,0.7030108878294089,set1
4414716,942.3114295652003,0.7091785195154247,set1
4428754,950.6269794124743,0.6827535147042325,set1
4426554,950.747563514072,0.694624801240933,set1
4412771,947.5437174038839,0.7018568763556915,set1
4415224,953.6588503526061,0.7065008669667984,set1
4414658,948.2689438563372,0.6931330334747818,set1
4420922,951.707127754454,0.6842340050309355,set1
4429838,947.0446060134404,0.7056829870442249,set1
4427466,947.932097220336,0.7196968356220601,set1
4427559,949.1191379786453,0.6807808932097187,set1
4413227,953.4961946262629,0.6789649468084537,set1
4415641,941.8783754298545,0.6714624430121786,set1
4421248,952.9240484921869,0.7316784538528267,set1
4414532,949.1617743870845,0.6902013223103258,set1
4418098,960.0468869231071,0.6764131077679255,set1
4419089,958.4219528322074,0.7026425314634968,set1
4423993,950.831192867857,0.7022713487916556,set1
4412838,948.0991117201124,0.6990593268891957,set1
4420735,954.0578823399474,0.7298644382606496,set1
4426920,949.7629252468666,0.7150814804276027,set1
4420318,948.220660805012,0.686220115632689,set1
4417868,944.7757580021305,0.6845408890272981,set1
4423205,946.1640316258035,0.6778831669103841,set1
4421575,950.9177162371154,0.683780169083083,set1
4425636,957.7241827255577,0.6927150673378788,set1
4423153,946.1069971916213,0.6894385347932025,set1
4428030,947.724348462685,0.6819018687349817,set1
4414740,950.1694951119341,0.6800797375229704,set1
4435514,950.0,0.7,set1
4435731,949.5571051705926,0.6959743167948941,set1
4435368,949.8184575102308,0.6951836187789882,set1
4439087,948.6085395199298,0.6974900774528769,set1
4437772,948.5726314554513,0.7091238417085145,set1
4437720,945.539085272577,0.7091402609583658,set1
4439640,949.0899371172226,0.6995603970475309,set1
4437409,947.6837867602632,0.6645053887559549,set1
4439360,950.5941728509332,0.7262926252640831,set1
4437875,939.8728419795814,0.7196308965552646,set1








4380941,850.0,0.5,set1
4393412,849.9843939809552,0.5002813871886914,set1
4392984,850.0387890473955,0.5004362351705655,set1
4386190,850.1347737632286,0.5044305682782602,set1
4390616,850.1933320760965,0.5013757899769102,set1
4399687,849.9354668884989,0.5023421236617114,set1
4381617,850.2094674325447,0.5080985145854233,set1
4387017,850.0410386392887,0.5056939190228051,set1
4393207,849.9292601048691,0.501960342077751,set1
4397290,850.5920195947102,0.5073730772618269,set1
4396260,850.5517920702213,0.5002584076128287,set1
4397489,849.2211778701575,0.5151835168608018,set1
4398612,850.2701752812336,0.490347623057616,set1
4389250,849.9426024957031,0.4954199407177123,set1
4393150,850.9258211365959,0.4957648124051086,set1
4399798,849.8487296515423,0.5006476276289107,set1
4393197,848.3112369143269,0.4723644866755218,set1
4381041,849.6673875340887,0.5110866373344893,set1
4390087,849.2488785880946,0.5258079024886788,set1
4396978,850.4066793241045,0.5110899737802239,set1
4386063,850.2497183431599,0.5012984688170938,set1
4387878,850.9108405491452,0.4823185091472578,set1
4388869,849.9429313893601,0.4787447635699914,set1
4399450,850.3497380861646,0.5169174658277241,set1
4393626,850.7163043332255,0.49885834388886297,set1
4381316,850.3576461190537,0.5055640632662008,set1
4384913,849.4133925817056,0.46954534493268396,set1
4388595,849.1540591442929,0.5067330653525625,set1
4398755,851.2514980954405,0.5053217972206182,set1
4380426,851.4472452575495,0.4830413498160314,set1
4388844,851.2089544522051,0.5292156727525382,set1
4381753,848.0772297709568,0.484137962576573,set1
4396118,850.192329445473,0.5030050294393102,set1
4384019,850.1934038700377,0.5021526863286856,set1
4397612,850.4335809491769,0.5247513894437651,set1
4398454,849.2138780546039,0.521733317865719,set1
4380825,848.8552465374619,0.4941469684932275,set1
4381297,850.0391288659536,0.5011460777615767,set1
4399967,850.3258485084656,0.4893346131133061,set1
4395769,849.1025285848389,0.49536446918894533,set1
4391410,850.6101295943739,0.48151154353603465,set1
4389304,851.9030029664498,0.5005368433701322,set1
4389978,850.9396391461031,0.5103678137720741,set1
4391917,852.302069389695,0.5681573696473264,set1
4387447,847.5680485251461,0.4808546733390504,set1
4386836,847.6776194993369,0.4142945854609173,set1
4380479,851.9427525119113,0.5130536064395502,set1
4382799,849.9219604334832,0.47394953246477556,set1
4387570,849.8180948127568,0.4787056700982885,set1
4392646,848.2958156017885,0.5321894569710356,set1
4386768,849.8952772748963,0.48974852571165034,set1
4388511,848.1587290509001,0.5208860295045328,set1
4389230,849.4146090436224,0.4859883840307532,set1
4395107,848.2856976478471,0.48974408507676104,set1
4392368,847.716411909009,0.4836757729434056,set1
4384216,848.5888122828516,0.46190459021272534,set1
4389831,848.8247264874734,0.4382511619216075,set1
4394004,851.6664047753252,0.4528166328701675,set1
4387375,847.6203403977701,0.5485195764840443,set1
4396818,847.6012757824486,0.514158893132348,set1
4394715,849.9226282911,0.47778187333187344,set1
4384158,846.5247350221838,0.44952477829545445,set1
4389167,846.680220300404,0.46061447145133155,set1
4387251,855.2664214006426,0.4410712440935621,set1
4397772,852.8571618157578,0.47974276128865084,set1
4399120,854.1104001286151,0.504427726369851,set1
4381644,846.7778513617686,0.5243801630544919,set1
4385723,852.0184802122144,0.45709541990164615,set1
4393022,847.3792993663315,0.5104033874115046,set1
4387504,850.9714698637264,0.4495174873395617,set1








4423464,850.0,0.6,set2
4433554,850.0143929569143,0.6008854113630908,set2
4426948,849.9580883580062,0.6007777819506921,set2
4425574,849.9401821475574,0.5954993626530338,set2
4434024,849.8982056128075,0.6008154174458916,set2
4437631,849.8785864828039,0.5945089331348019,set2
4434260,850.2347746680394,0.5979812849986221,set2
4423556,850.037333074734,0.6002860595178903,set2
4434121,849.8541467141414,0.5851622906768961,set2
4426202,850.3782448292548,0.598466050586296,set2
4439207,849.809214459743,0.6006859421038507,set2
4422243,850.0123563793404,0.5986909825887864,set2
4424571,849.9252951068249,0.6136986510731653,set2
4421319,849.2528262624554,0.5913529292808042,set2
4439428,850.0261824058356,0.6006267220487005,set2
4438886,850.6487715562564,0.608127481301092,set2
4434034,850.4092465078901,0.6132379320367516,set2
4437887,850.3318177938463,0.5899651639025103,set2
4434270,850.0496773513065,0.5841874611381702,set2
4422516,850.9694969265568,0.608017452183592,set2
4423644,850.5362012040371,0.5882287985326311,set2
4439552,849.6968780122805,0.5888340716229297,set2
4427043,849.3594824839788,0.5691251830122266,set2
4430166,850.1668670287603,0.5716024924312095,set2
4436520,849.9913697120654,0.5966439328612064,set2
4432311,848.8035206226034,0.6018576692219897,set2
4434683,851.4501613366182,0.595750129057068,set2
4434109,850.4992738913107,0.6112366167987573,set2
4427253,851.0417122896456,0.6102497543250871,set2
4430913,849.5213586117605,0.5898523823949429,set2
4420397,849.4117191796095,0.580460658313645,set2
4439878,852.323174978579,0.6061481391412821,set2
4430830,847.666624619746,0.6122723568648971,set2
4425035,849.6410895028499,0.5749566425745593,set2
4439377,850.02926917905,0.6044752174384019,set2
4433336,850.1014465905319,0.6158800308155133,set2
4434159,850.2501428629665,0.5935492290134881,set2
4437584,850.435727314556,0.6162824473856172,set2
4430263,851.3163446303334,0.5617814783379715,set2
4429209,849.4831171111178,0.6218776874081227,set2
4433582,850.6395198040166,0.5958544866837703,set2
4428992,850.3101081278633,0.6139290653690632,set2
4431239,849.2119043844571,0.6169953981170683,set2
4434313,851.3596282213978,0.6196809860694904,set2
4438559,851.3058958941889,0.573823043589217,set2
4439246,851.2893314422543,0.5854293458166404,set2
4427556,848.870105244278,0.6240689204237995,set2
4438025,850.0425042671227,0.598099873698707,set2
4422185,849.3551496515104,0.5472641563718066,set2
4438953,847.256669124913,0.5787069688527632,set2
4432705,846.6222957242591,0.5857548926602665,set2
4423739,848.8208899962063,0.6283112863987799,set2
4433247,853.3807964175785,0.6201144863030323,set2
4434506,851.0642234504073,0.5653830105640021,set2
4439430,851.1031014011032,0.586923439158591,set2
4438471,850.4216851856277,0.5927263717275996,set2
4438747,851.2472269370112,0.537104427111795,set2
4432174,849.5621776338618,0.6274211447266351,set2
4422617,847.6801898547685,0.6262987102445998,set2
4424409,848.6514565423088,0.6551230423166751,set2
4429650,851.8895374884929,0.5899365256441627,set2
4423717,849.2668759956779,0.5724807941783168,set2
4430670,854.8894487480874,0.610764650175299,set2
4425855,853.1928479544944,0.6527348457366299,set2
4426279,852.5086610818411,0.5466527002636474,set2
4428862,848.1818437332848,0.6126707756609903,set2
4424719,846.736103133009,0.5567899134506902,set2
4437102,848.2577779418316,0.6428086579899459,set2
4433553,846.7397647663298,0.5719784790034687,set2
4439312,847.2076628009522,0.6224240931063624,set2
